state,ragender,pro,iter
1,1,0.42577915714862297,1
1,2,0.4611276768971797,1
2,1,0.05228267666026874,1
2,2,0.06081048929392855,1
1,1,0.4264967632864383,2
1,2,0.46087323944944564,2
2,1,0.04811843611664051,2
2,2,0.06451156114747557,2
1,1,0.4384822039572567,3
1,2,0.4439371404785453,3
2,1,0.055025861146248224,3
2,2,0.06255479441794978,3
1,1,0.4309116027004381,4
1,2,0.459855949671873,4
2,1,0.04910308605769226,4
2,2,0.06012936156999664,4
1,1,0.4272702326104106,5
1,2,0.45907888678608877,5
2,1,0.05086435662176937,5
2,2,0.06278652398173125,5
1,1,0.4224845024105415,6
1,2,0.463333139152651,6
2,1,0.051723966758019185,6
2,2,0.06245839167878836,6
1,1,0.4202770918477801,7
1,2,0.4590766271075763,7
2,1,0.05572516216707544,7
2,2,0.06492111887756814,7
1,1,0.4111863120461492,8
1,2,0.4735656855444398,8
2,1,0.05462858260880564,8
2,2,0.06061941980060539,8
1,1,0.4247291212119816,9
1,2,0.46036818426685505,9
2,1,0.05129560953542091,9
2,2,0.06360708498574245,9
1,1,0.42072940472239784,10
1,2,0.4640413327677373,10
2,1,0.05412490423695726,10
2,2,0.061104358272907604,10
1,1,0.42703216490692353,11
1,2,0.45616638021710554,11
2,1,0.05446528178191533,11
2,2,0.062336173094055605,11
1,1,0.4306200610696216,12
1,2,0.46076130239603985,12
2,1,0.050415020686660865,12
2,2,0.05820361584767772,12
1,1,0.4204953988858038,13
1,2,0.46162579352499594,13
2,1,0.05550825253030127,13
2,2,0.062370555058899,13
1,1,0.42709942159640646,14
1,2,0.4635676633205219,14
2,1,0.05148500953687628,14
2,2,0.05784790554619533,14
1,1,0.43619196004371363,15
1,2,0.4545499848749694,15
2,1,0.04956795572090227,15
2,2,0.05969009936041473,15
1,1,0.42842078105307324,16
1,2,0.4593751153607005,16
2,1,0.051717225750595515,16
2,2,0.06048687783563074,16
1,1,0.42589860641557026,17
1,2,0.4631996355855144,17
2,1,0.05391668880588851,17
2,2,0.05698506919302681,17
1,1,0.4370404316414089,18
1,2,0.4496210637814439,18
2,1,0.053700302817680554,18
2,2,0.059638201759466665,18
1,1,0.426629782031827,19
1,2,0.464111671726071,19
2,1,0.05036131864921579,19
2,2,0.058897227592886216,19
1,1,0.4294032120382765,20
1,2,0.45834592565493326,20
2,1,0.05419477241491681,20
2,2,0.058056089891873365,20
1,1,0.4337667853257149,21
1,2,0.457559490379229,21
2,1,0.04563268053190999,21
2,2,0.06304104376314616,21
1,1,0.4346699724759974,22
1,2,0.45155967910171296,22
2,1,0.054871228589998405,22
2,2,0.05889911983229117,22
1,1,0.443355852708561,23
1,2,0.4445860615247588,23
2,1,0.049484860489298683,23
2,2,0.06257322527738149,23
1,1,0.4284118898866708,24
1,2,0.4586603191859477,24
2,1,0.05002031843522636,24
2,2,0.06290747249215517,24
1,1,0.41880219331316765,25
1,2,0.46619250645500887,25
2,1,0.051305099982318664,25
2,2,0.06370020024950485,25
1,1,0.4261476459891223,26
1,2,0.45669437767622884,26
2,1,0.05386335711383662,26
2,2,0.06329461922081221,26
1,1,0.4235811684152255,27
1,2,0.4646867391214912,27
2,1,0.05410969518425788,27
2,2,0.05762239727902545,27
1,1,0.4220909289852745,28
1,2,0.467096101631266,28
2,1,0.05140926902026188,28
2,2,0.05940370036319758,28
1,1,0.42595957829184766,29
1,2,0.4620833790128369,29
2,1,0.04981682494916603,29
2,2,0.062140217746149425,29
1,1,0.4206881286759255,30
1,2,0.470183591690779,30
2,1,0.050808544612294136,30
2,2,0.05831973502100135,30
1,1,0.4288708850241359,31
1,2,0.4631222544671608,31
2,1,0.05094702404439755,31
2,2,0.05705983646430574,31
1,1,0.4233640311783328,32
1,2,0.4672046561651161,32
2,1,0.04953361415564062,32
2,2,0.05989769850091043,32
1,1,0.43487152769701093,33
1,2,0.45526216375169143,33
2,1,0.05268080795852404,33
2,2,0.05718550059277363,33
1,1,0.42662272210403573,34
1,2,0.46207671318018,34
2,1,0.05432412061823515,34
2,2,0.05697644409754911,34
1,1,0.4165051558018566,35
1,2,0.46603787970729377,35
2,1,0.053759199608793884,35
2,2,0.06369776488205575,35
1,1,0.4256361561771933,36
1,2,0.46229909726313106,36
2,1,0.04812286986472215,36
2,2,0.06394187669495348,36
1,1,0.42582389644938873,37
1,2,0.46023765227520885,37
2,1,0.05469039742688722,37
2,2,0.059248053848515184,37
1,1,0.4320470118607465,38
1,2,0.4523815674431141,38
2,1,0.05429712244206608,38
2,2,0.06127429825407333,38
1,1,0.43208657571918285,39
1,2,0.4555055042894987,39
2,1,0.0510518866915112,39
2,2,0.06135603329980725,39
1,1,0.42085377671717883,40
1,2,0.4612727892632498,40
2,1,0.05857197839726209,40
2,2,0.05930145562230922,40
1,1,0.42965045942168784,41
1,2,0.46172651417628785,41
2,1,0.04910113602382474,41
2,2,0.05952189037819956,41
1,1,0.42750121111463746,42
1,2,0.45913039456149946,42
2,1,0.05106840680474125,42
2,2,0.06229998751912183,42
1,1,0.420984388494141,43
1,2,0.4621880161801502,43
2,1,0.05299087057896292,43
2,2,0.06383672474674586,43
1,1,0.43435676698094716,44
1,2,0.45038276114193676,44
2,1,0.056520240391292186,44
2,2,0.05874023148582386,44
1,1,0.4335621758917178,45
1,2,0.45366443231506387,45
2,1,0.05495260341547286,45
2,2,0.05782078837774545,45
1,1,0.43159114839766816,46
1,2,0.4588746179540798,46
2,1,0.05237820108161727,46
2,2,0.05715603256663475,46
1,1,0.4240760049037072,47
1,2,0.4643746599549151,47
2,1,0.05154884036046098,47
2,2,0.06000049478091663,47
1,1,0.4273767916354349,48
1,2,0.45730062538724864,48
2,1,0.054731364051406606,48
2,2,0.06059121892590983,48
1,1,0.42082727988763535,49
1,2,0.4705060984197612,49
2,1,0.05022043228770744,49
2,2,0.05844618940489603,49
1,1,0.4339096468056783,50
1,2,0.45441523309330734,50
2,1,0.05119862855314994,50
2,2,0.06047649154786448,50
1,1,0.4252899452017903,51
1,2,0.4609501196494682,51
2,1,0.05128597734698759,51
2,2,0.062473957801753945,51
1,1,0.4138799810439253,52
1,2,0.4696493324309303,52
2,1,0.05420207234051483,52
2,2,0.06226861418462956,52
1,1,0.429703020737735,53
1,2,0.4595401091015932,53
2,1,0.04888351883161191,53
2,2,0.0618733513290599,53
1,1,0.4340155523379224,54
1,2,0.45450802573095705,54
2,1,0.05105211315203054,54
2,2,0.06042430877909006,54
1,1,0.43552684612802134,55
1,2,0.4535758824924681,55
2,1,0.052520146893910755,55
2,2,0.05837712448559981,55
1,1,0.4292337039026792,56
1,2,0.4646983833174603,56
2,1,0.04737033732058967,56
2,2,0.0586975754592709,56
1,1,0.4201297186826586,57
1,2,0.46428372518952127,57
2,1,0.056805328845298,57
2,2,0.05878122728252213,57
1,1,0.4264147383362268,58
1,2,0.4658524429768106,58
2,1,0.048965919713203666,58
2,2,0.05876689897375891,58
1,1,0.4265658685119626,59
1,2,0.4633879727232665,59
2,1,0.048053630221905105,59
2,2,0.061992528542865785,59
1,1,0.42737188188786646,60
1,2,0.4621503842186843,60
2,1,0.05187993424413054,60
2,2,0.058597799649318695,60
1,1,0.420398549737268,61
1,2,0.4643188633805813,61
2,1,0.05224727330536801,61
2,2,0.06303531357678269,61
1,1,0.41852043775431397,62
1,2,0.4645815415115731,62
2,1,0.05709952039179284,62
2,2,0.059798500342320086,62
1,1,0.4250895986610598,63
1,2,0.461738021594793,63
2,1,0.05244093681301994,63
2,2,0.0607314429311273,63
1,1,0.4191092381895881,64
1,2,0.47290026457067674,64
2,1,0.049759936434059515,64
2,2,0.058230560805675596,64
1,1,0.41725265096546904,65
1,2,0.468356223552958,65
2,1,0.051687870276737054,65
2,2,0.06270325520483595,65
1,1,0.4342876583624958,66
1,2,0.45949348486729014,66
2,1,0.048824089608093896,66
2,2,0.05739476716212016,66
1,1,0.4179505387713582,67
1,2,0.4664737264143707,67
2,1,0.05261937818551295,67
2,2,0.06295635662875815,67
1,1,0.4228580247374964,68
1,2,0.4668729556806484,68
2,1,0.05025025761726993,68
2,2,0.06001876196458527,68
1,1,0.4223302550671131,69
1,2,0.46631555312941975,69
2,1,0.04756031851922404,69
2,2,0.06379387328424309,69
1,1,0.4262776392106527,70
1,2,0.4602643614397267,70
2,1,0.04956944732730222,70
2,2,0.06388855202231838,70
1,1,0.4344001923589773,71
1,2,0.45241966050750576,71
2,1,0.04979740787295981,71
2,2,0.0633827392605571,71
1,1,0.41604289145249745,72
1,2,0.46790603058523844,72
2,1,0.05650838973628105,72
2,2,0.05954268822598305,72
1,1,0.41900652480634915,73
1,2,0.4665150486723931,73
2,1,0.054127612385533,73
2,2,0.06035081413572479,73
1,1,0.43334901310135565,74
1,2,0.4549292292173712,74
2,1,0.05208725111678054,74
2,2,0.0596345065644926,74
1,1,0.4368932813365537,75
1,2,0.45396888019636444,75
2,1,0.050406505776934195,75
2,2,0.058731332690147686,75
1,1,0.43196893602314196,76
1,2,0.45930852621789636,76
2,1,0.05053986799057317,76
2,2,0.05818266976838848,76
1,1,0.42277777269504424,77
1,2,0.46263996513366645,77
2,1,0.05208203308751791,77
2,2,0.06250022908377141,77
1,1,0.4163485737119494,78
1,2,0.47030478231072703,78
2,1,0.053684727716434205,78
2,2,0.05966191626088939,78
1,1,0.4216746695673135,79
1,2,0.4654096750592375,79
2,1,0.05070496746930844,79
2,2,0.06221068790414053,79
1,1,0.42405476133877595,80
1,2,0.4614059615364184,80
2,1,0.054607246484082474,80
2,2,0.05993203064072323,80
1,1,0.4259000103916592,81
1,2,0.46251317462601166,81
2,1,0.051858705630453916,81
2,2,0.05972810935187523,81
1,1,0.4229108282297847,82
1,2,0.46007841855512166,82
2,1,0.05412925663040526,82
2,2,0.06288149658468836,82
1,1,0.41651009390247395,83
1,2,0.46812763970755084,83
2,1,0.053163267483253195,83
2,2,0.06219899890672199,83
1,1,0.4264295719201624,84
1,2,0.4626257432769148,84
2,1,0.05425057096420755,84
2,2,0.056694113838715234,84
1,1,0.4220171520706295,85
1,2,0.4693402404667983,85
2,1,0.05150199653774119,85
2,2,0.05714061092483104,85
1,1,0.4149782130954201,86
1,2,0.4679808881568337,86
2,1,0.05177558698409622,86
2,2,0.06526531176364998,86
1,1,0.41985433614520934,87
1,2,0.4664050652812997,87
2,1,0.055336067524880024,87
2,2,0.058404531048610944,87
1,1,0.4198236912332695,88
1,2,0.4631059878183388,88
2,1,0.05393553446686547,88
2,2,0.06313478648152622,88
1,1,0.4263025228619299,89
1,2,0.46032046870879617,89
2,1,0.05301486760435839,89
2,2,0.06036214082491555,89
1,1,0.4310600546399159,90
1,2,0.45735577479877754,90
2,1,0.048513439274392424,90
2,2,0.06307073128691411,90
1,1,0.42296761386502996,91
1,2,0.46159464032099057,91
2,1,0.05209760611027565,91
2,2,0.0633401397037038,91
1,1,0.431397322658892,92
1,2,0.45041126984812746,92
2,1,0.05311949843247466,92
2,2,0.06507190906050583,92
1,1,0.42568681238670836,93
1,2,0.46029924429522695,93
2,1,0.05267548846463903,93
2,2,0.06133845485342566,93
1,1,0.40921187959211824,94
1,2,0.4786486890157261,94
2,1,0.0527633420246226,94
2,2,0.05937608936753304,94
1,1,0.4205731352588139,95
1,2,0.4666626219054057,95
2,1,0.05410918842649801,95
2,2,0.05865505440928238,95
1,1,0.42911818435390564,96
1,2,0.45886655310406665,96
2,1,0.04892610342225905,96
2,2,0.06308915911976867,96
1,1,0.42594997416744307,97
1,2,0.4621154409750872,97
2,1,0.04891986585215346,97
2,2,0.06301471900531626,97
1,1,0.4255450375435947,98
1,2,0.4627593497813111,98
2,1,0.05141527270570511,98
2,2,0.06028033996938909,98
1,1,0.4318344492683976,99
1,2,0.45593660907908495,99
2,1,0.053897456228748586,99
2,2,0.058331485423768835,99
1,1,0.4207352624737758,100
1,2,0.4701724284195968,100
2,1,0.05088095379288905,100
2,2,0.05821135531373835,100
1,1,0.4154564071588079,101
1,2,0.46445627064133554,101
2,1,0.058484161165160795,101
2,2,0.06160316103469575,101
1,1,0.42458372694848323,102
1,2,0.4627975071350796,102
2,1,0.0513907432223256,102
2,2,0.06122802269411157,102
1,1,0.42526013323837747,103
1,2,0.46313466337043424,103
2,1,0.05189283485787796,103
2,2,0.05971236853331034,103
1,1,0.43583809524348877,104
1,2,0.4507885611115204,104
2,1,0.05095136773873955,104
2,2,0.062421975906251335,104
1,1,0.4383108207262455,105
1,2,0.4498678377684231,105
2,1,0.04958715639333794,105
2,2,0.0622341851119935,105
1,1,0.4206078632977399,106
1,2,0.46533047664435473,106
2,1,0.054631356803035595,106
2,2,0.05943030325486977,106
1,1,0.420650889793981,107
1,2,0.46376804512896397,107
2,1,0.05378697586382202,107
2,2,0.061794089213232956,107
1,1,0.4377671254612371,108
1,2,0.45392422518610415,108
2,1,0.050349956174287266,108
2,2,0.05795869317837152,108
1,1,0.4136367481196886,109
1,2,0.47313681406599706,109
2,1,0.05572541371081056,109
2,2,0.05750102410350381,109
1,1,0.42428680762088966,110
1,2,0.46083764098228464,110
2,1,0.05533279824153913,110
2,2,0.05954275315528656,110
1,1,0.43232517185466407,111
1,2,0.4508848478867993,111
2,1,0.05296978814566292,111
2,2,0.06382019211287376,111
1,1,0.4360626031281237,112
1,2,0.45442256195345765,112
2,1,0.051636372329261625,112
2,2,0.05787846258915702,112
1,1,0.41435102482775077,113
1,2,0.47407890689885446,113
2,1,0.05203680338212156,113
2,2,0.05953326489127324,113
1,1,0.4240793670563898,114
1,2,0.45989314473548826,114
2,1,0.054117992790392484,114
2,2,0.06190949541772942,114
1,1,0.4264919123812975,115
1,2,0.46490061727839666,115
2,1,0.050357135272752845,115
2,2,0.05825033506755299,115
1,1,0.4199471476350161,116
1,2,0.46239060922538117,116
2,1,0.052488686867955804,116
2,2,0.0651735562716469,116
1,1,0.4286814619439104,117
1,2,0.46125622219050727,117
2,1,0.04898590141460722,117
2,2,0.061076414450975114,117
1,1,0.42710957551222106,118
1,2,0.46080347995774135,118
2,1,0.051540632154597095,118
2,2,0.06054631237544048,118
1,1,0.4306978041156495,119
1,2,0.46172094885433873,119
2,1,0.04874548714816951,119
2,2,0.05883575988184226,119
1,1,0.4333704472181392,120
1,2,0.452659667259073,120
2,1,0.05296767480490103,120
2,2,0.061002210717886765,120
1,1,0.4151414144304863,121
1,2,0.4700951461329762,121
2,1,0.05405044999444877,121
2,2,0.060712989442088715,121
1,1,0.4172100615959008,122
1,2,0.46907735110094756,122
2,1,0.052979735037059834,122
2,2,0.06073285226609182,122
1,1,0.42305728326263126,123
1,2,0.4603873365018782,123
2,1,0.05288948118692614,123
2,2,0.0636658990485644,123
1,1,0.4292008213130476,124
1,2,0.45823006201401184,124
2,1,0.05341286274575438,124
2,2,0.05915625392718616,124
1,1,0.42359951656322736,125
1,2,0.47345839297694947,125
2,1,0.04870134291081664,125
2,2,0.054240747549006506,125
1,1,0.43004077582896283,126
1,2,0.45943075062501915,126
2,1,0.05017025705060998,126
2,2,0.06035821649540807,126
1,1,0.4237139834142947,127
1,2,0.4615269962576555,127
2,1,0.054648749228461496,127
2,2,0.06011027109958829,127
1,1,0.42990745987715634,128
1,2,0.4617012201226092,128
2,1,0.04936675300584052,128
2,2,0.05902456699439394,128
1,1,0.4102460408131654,129
1,2,0.4704799631454417,129
2,1,0.0564543823394923,129
2,2,0.06281961370190056,129
1,1,0.42414683944386017,130
1,2,0.4599653501077475,130
2,1,0.05083725744249194,130
2,2,0.06505055300590043,130
1,1,0.42750288186073415,131
1,2,0.4606621784290856,131
2,1,0.04831399225756649,131
2,2,0.06352094745261377,131
1,1,0.42804527252985486,132
1,2,0.4645443106975461,132
2,1,0.05320192103911941,132
2,2,0.05420849573347961,132
1,1,0.42777008208208195,133
1,2,0.4615976186687743,133
2,1,0.05084220073310332,133
2,2,0.059790098516040405,133
1,1,0.4223630318161709,134
1,2,0.4614554238331528,134
2,1,0.05503263058188372,134
2,2,0.06114891376879258,134
1,1,0.4262949467706424,135
1,2,0.4618314568790457,135
2,1,0.054391356296963476,135
2,2,0.05748224005334842,135
1,1,0.43147907303668015,136
1,2,0.451063931426295,136
2,1,0.060049848240276246,136
2,2,0.057407147296748624,136
1,1,0.4208404866608662,137
1,2,0.46905989586743396,137
2,1,0.05145968172854787,137
2,2,0.05863993574315199,137
1,1,0.4254685301258603,138
1,2,0.46436218658476897,138
2,1,0.0512450072322,138
2,2,0.058924276057170745,138
1,1,0.4377745332718344,139
1,2,0.4463359690669249,139
2,1,0.051986304995775334,139
2,2,0.06390319266546535,139
1,1,0.4284884379500858,140
1,2,0.45984363293762714,140
2,1,0.052731139205310994,140
2,2,0.05893678990697609,140
1,1,0.4182638225145456,141
1,2,0.46641147268138267,141
2,1,0.0498852315468884,141
2,2,0.06543947325718334,141
1,1,0.42218817790610536,142
1,2,0.46302952285183696,142
2,1,0.0534208960763176,142
2,2,0.06136140316574011,142
1,1,0.4274216813478903,143
1,2,0.46019766813518526,143
2,1,0.05108136009431877,143
2,2,0.06129929042260563,143
1,1,0.4245421412763193,144
1,2,0.4665590546384845,144
2,1,0.0501955881018562,144
2,2,0.05870321598334004,144
1,1,0.4162391806891121,145
1,2,0.46773613829724675,145
2,1,0.053044981523573745,145
2,2,0.06297969949006743,145
1,1,0.42561338887235173,146
1,2,0.4635125888093393,146
2,1,0.050246709251314546,146
2,2,0.0606273130669944,146
1,1,0.4420162120321413,147
1,2,0.4481379034116409,147
2,1,0.05282276810162574,147
2,2,0.057023116454592,147
1,1,0.42251398309224,148
1,2,0.463561933787551,148
2,1,0.05115253745812533,148
2,2,0.06277154566208368,148
1,1,0.4246486578530931,149
1,2,0.4585140330867544,149
2,1,0.05703200571944874,149
2,2,0.059805303340703754,149
1,1,0.42570784558004093,150
1,2,0.46206850761807927,150
2,1,0.04998914781004739,150
2,2,0.062234498991832435,150
1,1,0.42414151375122255,151
1,2,0.4599080643079256,151
2,1,0.052671522226890304,151
2,2,0.0632788997139616,151
1,1,0.4270478186839068,152
1,2,0.4609282664072731,152
2,1,0.05075337240348404,152
2,2,0.06127054250533608,152
1,1,0.4267043625605817,153
1,2,0.45585167595896836,153
2,1,0.05285022229647733,153
2,2,0.06459373918397263,153
1,1,0.4175683406345666,154
1,2,0.4666436783204188,154
2,1,0.05559924930464225,154
2,2,0.06018873174037232,154
1,1,0.4186343624283894,155
1,2,0.47146481232506626,155
2,1,0.05147312194973736,155
2,2,0.05842770329680692,155
1,1,0.4300477445345375,156
1,2,0.45456306146911324,156
2,1,0.05681751000253198,156
2,2,0.0585716839938173,156
1,1,0.42181800690778587,157
1,2,0.4628256591723436,157
2,1,0.052928357028144454,157
2,2,0.06242797689172609,157
1,1,0.42718235061423077,158
1,2,0.45829930341994124,158
2,1,0.05240776275948089,158
2,2,0.06211058320634708,158
1,1,0.4025430927582412,159
1,2,0.47758202958326,159
2,1,0.057215142878754024,159
2,2,0.06265973477974482,159
1,1,0.4246078835654873,160
1,2,0.46142386408984004,160
2,1,0.05322945201727732,160
2,2,0.06073880032739535,160
1,1,0.42458413477851753,161
1,2,0.4677585252133232,161
2,1,0.05410856862257453,161
2,2,0.053548771385584754,161
1,1,0.42201893005009616,162
1,2,0.4668441295473233,162
2,1,0.052170739923714723,162
2,2,0.05896620047886579,162
1,1,0.4168069718531517,163
1,2,0.4719139078244174,163
2,1,0.05233670417103918,163
2,2,0.058942416151391716,163
1,1,0.42154699583758676,164
1,2,0.46011772552748065,164
2,1,0.05626702963521377,164
2,2,0.06206824899971887,164
1,1,0.4260636655811455,165
1,2,0.4597532784743891,165
2,1,0.05146647081528804,165
2,2,0.06271658512917734,165
1,1,0.4204937765247289,166
1,2,0.46350646248835864,166
2,1,0.05442066095270825,166
2,2,0.06157910003420419,166
1,1,0.42068261568769577,167
1,2,0.46435980838814145,167
2,1,0.05056311611041502,167
2,2,0.06439445981374779,167
1,1,0.4277854173266262,168
1,2,0.45630220313087744,168
2,1,0.0524421580442581,168
2,2,0.06347022149823821,168
1,1,0.4403253048835819,169
1,2,0.4517350392486782,169
2,1,0.05424365426495408,169
2,2,0.05369600160278577,169
1,1,0.41221755203252847,170
1,2,0.4690486043740651,170
2,1,0.05573030114951151,170
2,2,0.06300354244389493,170
1,1,0.4241980291626176,171
1,2,0.4628339580782278,171
2,1,0.05434877425103353,171
2,2,0.058619238508121015,171
1,1,0.43671649325558637,172
1,2,0.4452747913063073,172
2,1,0.053156162349826175,172
2,2,0.06485255308828015,172
1,1,0.4191885212245859,173
1,2,0.46983593808584645,173
2,1,0.0538432342712237,173
2,2,0.05713230641834396,173
1,1,0.4267567199511956,174
1,2,0.46062931124813333,174
2,1,0.04894517245109251,174
2,2,0.06366879634957855,174
1,1,0.42335947778726873,175
1,2,0.4606166947311407,175
2,1,0.050290964592640146,175
2,2,0.06573286288895039,175
1,1,0.4382355683839846,176
1,2,0.45657730265394875,176
2,1,0.04748415725407797,176
2,2,0.05770297170798872,176
1,1,0.43850478317905284,177
1,2,0.45467837958701857,177
2,1,0.05041474543411932,177
2,2,0.05640209179980924,177
1,1,0.4319292594639019,178
1,2,0.44973148312642364,178
2,1,0.05652935612181078,178
2,2,0.06180990128786368,178
1,1,0.43778094781356586,179
1,2,0.4536101878491895,179
2,1,0.05243186258387193,179
2,2,0.05617700175337272,179
1,1,0.424226670043545,180
1,2,0.4602168234409237,180
2,1,0.05489583420737743,180
2,2,0.06066067230815396,180
1,1,0.430707790081352,181
1,2,0.45029901490883245,181
2,1,0.05199788801512933,181
2,2,0.06699530699468624,181
1,1,0.42671089654176425,182
1,2,0.46079558539375576,182
2,1,0.055085915403207675,182
2,2,0.05740760266127235,182
1,1,0.4231367473371992,183
1,2,0.4619625477882577,183
2,1,0.053769946897842674,183
2,2,0.061130757976700464,183
1,1,0.4149390118963143,184
1,2,0.46487357383792016,184
2,1,0.05777023957512028,184
2,2,0.06241717469064525,184
1,1,0.42209588689728034,185
1,2,0.46287894718498507,185
2,1,0.05055841582391338,185
2,2,0.0644667500938212,185
1,1,0.42152951498474384,186
1,2,0.46406350204314273,186
2,1,0.052184869853409574,186
2,2,0.06222211311870389,186
1,1,0.4200499342658377,187
1,2,0.47122812813284304,187
2,1,0.050758971042888776,187
2,2,0.057962966558430494,187
1,1,0.4357499837352994,188
1,2,0.4487394853353921,188
2,1,0.0533836325531695,188
2,2,0.06212689837613904,188
1,1,0.43144820953521096,189
1,2,0.4550375616999025,189
2,1,0.051504784091849755,189
2,2,0.062009444673036825,189
1,1,0.4318242004088415,190
1,2,0.45396408589262616,190
2,1,0.04986396381728698,190
2,2,0.06434774988124536,190
1,1,0.43107991243726795,191
1,2,0.46169697222763195,191
2,1,0.04716496561772408,191
2,2,0.060058149717376046,191
1,1,0.42868458815727767,192
1,2,0.4597418941315708,192
2,1,0.05510348872521901,192
2,2,0.05647002898593251,192
1,1,0.4207283678993692,193
1,2,0.4644681581621026,193
2,1,0.052080972648475964,193
2,2,0.06272250129005225,193
1,1,0.4207855641664321,194
1,2,0.46837475399559797,194
2,1,0.04791678541646489,194
2,2,0.06292289642150506,194
1,1,0.42793279424885333,195
1,2,0.4630632907648635,195
2,1,0.05097106724446487,195
2,2,0.05803284774181828,195
1,1,0.4182826803636447,196
1,2,0.4695916438118464,196
2,1,0.05215562563269909,196
2,2,0.059970050191809794,196
1,1,0.4333738567075857,197
1,2,0.45302320202602386,197
2,1,0.05440403627942854,197
2,2,0.05919890498696184,197
1,1,0.4313164797299835,198
1,2,0.46378558008241344,198
2,1,0.04798709721794379,198
2,2,0.05691084296965926,198
1,1,0.423433111034305,199
1,2,0.4616543349708418,199
2,1,0.052933055876001806,199
2,2,0.06197949811885141,199
1,1,0.4280375424643219,200
1,2,0.45086041726963444,200
2,1,0.05714843002912885,200
2,2,0.06395361023691477,200
1,1,0.4178460297040094,201
1,2,0.4588019418685473,201
2,1,0.0551862154513553,201
2,2,0.06816581297608801,201
1,1,0.4262160566501847,202
1,2,0.46215089371946066,202
2,1,0.05218473363473777,202
2,2,0.0594483159956169,202
1,1,0.4267067464706007,203
1,2,0.45660812717976584,203
2,1,0.053941185670740445,203
2,2,0.06274394067889301,203
1,1,0.4389841275785117,204
1,2,0.4504271738423952,204
2,1,0.05357810688568206,204
2,2,0.057010591693411036,204
1,1,0.42495612060098015,205
1,2,0.4632468562923187,205
2,1,0.05536719000051456,205
2,2,0.056429833106186614,205
1,1,0.4218181686558052,206
1,2,0.4644227984053185,206
2,1,0.05315686794363257,206
2,2,0.06060216499524375,206
1,1,0.42099798979660175,207
1,2,0.4642300928558588,207
2,1,0.057523840268894816,207
2,2,0.057248077078644606,207
1,1,0.41310798900856244,208
1,2,0.4726588293661748,208
2,1,0.05452797977858727,208
2,2,0.05970520184667545,208
1,1,0.4290619881066075,209
1,2,0.4560597371697669,209
2,1,0.052722343216409784,209
2,2,0.06215593150721582,209
1,1,0.41999951245994877,210
1,2,0.4656315676045501,210
2,1,0.05129766717296717,210
2,2,0.06307125276253395,210
1,1,0.42247588168185907,211
1,2,0.4622691359158291,211
2,1,0.05465042984327677,211
2,2,0.06060455255903505,211
1,1,0.42593506936114517,212
1,2,0.4595629527831198,212
2,1,0.052202660139487704,212
2,2,0.06229931771624732,212
1,1,0.42300746184012655,213
1,2,0.4575281087109992,213
2,1,0.05369674930903871,213
2,2,0.06576768013983555,213
1,1,0.4169406068129896,214
1,2,0.47134091176151127,214
2,1,0.05395436903449227,214
2,2,0.057764112391006824,214
1,1,0.42082104227256506,215
1,2,0.46437486130566946,215
2,1,0.05499889572615511,215
2,2,0.05980520069561038,215
1,1,0.4169464397748977,216
1,2,0.46700883759752226,216
2,1,0.05217345564086275,216
2,2,0.06387126698671726,216
1,1,0.4153499766782727,217
1,2,0.4670160838043016,217
2,1,0.05468765557819906,217
2,2,0.06294628393922662,217
1,1,0.4268704686582396,218
1,2,0.4605519878166274,218
2,1,0.052699744427199255,218
2,2,0.05987779909793381,218
1,1,0.42473272968033005,219
1,2,0.46156577641196395,219
2,1,0.05055921359863029,219
2,2,0.06314228030907575,219
1,1,0.4377169776086778,220
1,2,0.45025999257598986,220
2,1,0.051138660751108095,220
2,2,0.060884369064224245,220
1,1,0.4280959248590935,221
1,2,0.46243380468023526,221
2,1,0.05446634045414624,221
2,2,0.05500393000652504,221
1,1,0.4154537223391027,222
1,2,0.4639046797728698,222
2,1,0.05803069373247236,222
2,2,0.0626109041555551,222
1,1,0.4254831685758543,223
1,2,0.4595024200479877,223
2,1,0.05323269229559506,223
2,2,0.061781719080563,223
1,1,0.4208393904181852,224
1,2,0.45841760096867684,224
2,1,0.054024169196986487,224
2,2,0.06671883941615148,224
1,1,0.4259712673250883,225
1,2,0.45639352499399366,225
2,1,0.054815588915700895,225
2,2,0.06281961876521718,225
1,1,0.4217778741785395,226
1,2,0.4598088753591951,226
2,1,0.055539641017043194,226
2,2,0.06287360944522218,226
1,1,0.42076760465481444,227
1,2,0.467309737962305,227
2,1,0.0530732988907755,227
2,2,0.05884935849210502,227
1,1,0.41995636167365735,228
1,2,0.46430830514105637,228
2,1,0.056366594699302545,228
2,2,0.059368738485983695,228
1,1,0.43099614625168287,229
1,2,0.452808558636791,229
2,1,0.050794390509367876,229
2,2,0.06540090460215825,229
1,1,0.4251425196527556,230
1,2,0.45725971030628443,230
2,1,0.05278854599348267,230
2,2,0.0648092240474773,230
1,1,0.42684186363088455,231
1,2,0.46081306810904027,231
2,1,0.05416516762838468,231
2,2,0.05817990063169054,231
1,1,0.4264161452580529,232
1,2,0.46255664146672854,232
2,1,0.04957367773101719,232
2,2,0.061453535544201354,232
1,1,0.4350085325345636,233
1,2,0.45279280418855017,233
2,1,0.051599052479210775,233
2,2,0.06059961079767546,233
1,1,0.4223965152539007,234
1,2,0.4625268498790651,234
2,1,0.05470894495375064,234
2,2,0.060367689913283486,234
1,1,0.4238705613924017,235
1,2,0.4665618065482243,235
2,1,0.049583379190616,235
2,2,0.05998425286875794,235
1,1,0.4245984127540026,236
1,2,0.45626160593777293,236
2,1,0.05478161557889652,236
2,2,0.06435836572932789,236
1,1,0.4210381328538462,237
1,2,0.4627796904260254,237
2,1,0.056464891010317764,237
2,2,0.0597172857098106,237
1,1,0.42792049873525206,238
1,2,0.45866698158545227,238
2,1,0.05148591496950218,238
2,2,0.06192660470979352,238
1,1,0.4294780448854211,239
1,2,0.46033753000601724,239
2,1,0.04999799094836218,239
2,2,0.0601864341601995,239
1,1,0.4293773576353592,240
1,2,0.46211454309751193,240
2,1,0.047580677269765,240
2,2,0.06092742199736386,240
1,1,0.42260263167330486,241
1,2,0.46518005272768753,241
2,1,0.05224600811172627,241
2,2,0.059971307487281376,241
1,1,0.4282716032369742,242
1,2,0.4526994568460734,242
2,1,0.05488604031240618,242
2,2,0.06414289960454621,242
1,1,0.41920151332191563,243
1,2,0.46264623308265374,243
2,1,0.057718873199078896,243
2,2,0.06043338039635171,243
1,1,0.42356895681421575,244
1,2,0.46421446624640794,244
2,1,0.05517817690344265,244
2,2,0.05703840003593367,244
1,1,0.4333780260004657,245
1,2,0.4510005297423518,245
2,1,0.05755062090178521,245
2,2,0.058070823355397275,245
1,1,0.43104851228478624,246
1,2,0.4586269358129999,246
2,1,0.05231809176332726,246
2,2,0.05800646013888659,246
1,1,0.4280610722568225,247
1,2,0.45044894393239576,247
2,1,0.05839006567353468,247
2,2,0.06309991813724705,247
1,1,0.43169285966059856,248
1,2,0.45810459936589815,248
2,1,0.04964713281467366,248
2,2,0.060555408158829635,248
1,1,0.42924521611181676,249
1,2,0.4614282714223008,249
2,1,0.04827713670787809,249
2,2,0.06104937575800438,249
1,1,0.4219356957526435,250
1,2,0.4679429777646812,250
2,1,0.05218465421257032,250
2,2,0.05793667227010498,250
1,1,0.42737598978513364,251
1,2,0.4604060891818569,251
2,1,0.05382683997616423,251
2,2,0.05839108105684525,251
1,1,0.4301433676415674,252
1,2,0.45885009010524813,252
2,1,0.05121876528811248,252
2,2,0.05978777696507196,252
1,1,0.4262324843033017,253
1,2,0.4612372108476539,253
2,1,0.051209971964720984,253
2,2,0.06132033288432341,253
1,1,0.4320183413541967,254
1,2,0.45865267771157087,254
2,1,0.04867647706108717,254
2,2,0.06065250387314524,254
1,1,0.42438627543769486,255
1,2,0.46073631860152076,255
2,1,0.05341217192730105,255
2,2,0.06146523403348331,255
1,1,0.4263666757706511,256
1,2,0.45505411670139384,256
2,1,0.05539122999972069,256
2,2,0.06318797752823434,256
1,1,0.423973486727744,257
1,2,0.4641054759549796,257
2,1,0.05139079700261766,257
2,2,0.0605302403146588,257
1,1,0.42388799356184126,258
1,2,0.46426854471258294,258
2,1,0.05322937669666081,258
2,2,0.05861408502891498,258
1,1,0.4225354371111539,259
1,2,0.4622883597606943,259
2,1,0.05432139175425436,259
2,2,0.06085481137389743,259
1,1,0.4319614301615568,260
1,2,0.4581846489064775,260
2,1,0.05131852095162946,260
2,2,0.05853539998033625,260
1,1,0.42096776732064356,261
1,2,0.4655668489661177,261
2,1,0.05360059025478771,261
2,2,0.05986479345845102,261
1,1,0.428245573724282,262
1,2,0.45239413206145823,262
2,1,0.05386904520030669,262
2,2,0.06549124901395305,262
1,1,0.41864493096680094,263
1,2,0.4669516646113402,263
2,1,0.05072114312288244,263
2,2,0.06368226129897643,263
1,1,0.4239622715208186,264
1,2,0.465101606787706,264
2,1,0.04954428931790898,264
2,2,0.061391832373566387,264
1,1,0.41335421500255093,265
1,2,0.4736614345972674,265
2,1,0.05122862255193164,265
2,2,0.061755727848250036,265
1,1,0.4293024829257913,266
1,2,0.4555227681591879,266
2,1,0.05173174720900933,266
2,2,0.06344300170601144,266
1,1,0.4324635969612761,267
1,2,0.4560135009976111,267
2,1,0.05090252589568812,267
2,2,0.06062037614542463,267
1,1,0.42753704887426214,268
1,2,0.4633559893122874,268
2,1,0.04954477276839026,268
2,2,0.059562189045060256,268
1,1,0.41908273050239064,269
1,2,0.4725741142409295,269
2,1,0.05337583511774082,269
2,2,0.05496732013893904,269
1,1,0.4206014227260094,270
1,2,0.4613068527717654,270
2,1,0.056991390734638395,270
2,2,0.06110033376758673,270
1,1,0.42771333898086333,271
1,2,0.4590932240973793,271
2,1,0.05348801277019391,271
2,2,0.05970542415156342,271
1,1,0.4209441659385543,272
1,2,0.46720046767485096,272
2,1,0.05055510092361576,272
2,2,0.06130026546297893,272
1,1,0.42353104101412753,273
1,2,0.46437251431018123,273
2,1,0.05045520107103613,273
2,2,0.06164124360465511,273
1,1,0.4180715654426965,274
1,2,0.4608228751296997,274
2,1,0.05835171265494538,274
2,2,0.06275384677265838,274
1,1,0.4226860782828233,275
1,2,0.46519988588439687,275
2,1,0.05177349311852608,275
2,2,0.06034054271425377,275
1,1,0.41853246979791914,276
1,2,0.46735448913146554,276
2,1,0.05127218107082606,276
2,2,0.06284085999978926,276
1,1,0.41019230576215715,277
1,2,0.4731425784283306,277
2,1,0.05459155111635442,277
2,2,0.06207356469315786,277
1,1,0.4196009112941155,278
1,2,0.4674239216799481,278
2,1,0.05344647988492778,278
2,2,0.059528687141008604,278
1,1,0.42817941739182236,279
1,2,0.45701505115839364,279
2,1,0.051706642620821835,279
2,2,0.06309888882896218,279
1,1,0.4310633728502622,280
1,2,0.46053114897598957,280
2,1,0.04789985393828193,280
2,2,0.060505624235466314,280
1,1,0.425115032759092,281
1,2,0.4614275018572961,281
2,1,0.05270663881813678,281
2,2,0.06075082656547513,281
1,1,0.424679352262174,282
1,2,0.46106884267590714,282
2,1,0.055096789307396477,282
2,2,0.059155015754522346,282
1,1,0.4249085475974074,283
1,2,0.45762026089942603,283
2,1,0.055806470795085564,283
2,2,0.061664720708080975,283
1,1,0.42748729838528055,284
1,2,0.4622428009535082,284
2,1,0.051608973735018486,284
2,2,0.05866092692619276,284
1,1,0.4331847061784458,285
1,2,0.4542943829567245,285
2,1,0.05322624964971991,285
2,2,0.05929466121510986,285
1,1,0.4277404116057073,286
1,2,0.45848365045629325,286
2,1,0.05418676983791928,286
2,2,0.059589168100080164,286
1,1,0.42282725574564,287
1,2,0.46659142152761435,287
2,1,0.05037398648046583,287
2,2,0.06020733624627984,287
1,1,0.43219289009996426,288
1,2,0.4547381044340147,288
2,1,0.05321656974134955,288
2,2,0.05985243572467154,288
1,1,0.43286577761321127,289
1,2,0.4595655651404549,289
2,1,0.04982974535936231,289
2,2,0.05773891188697154,289
1,1,0.4257140900011562,290
1,2,0.46222592447618355,290
2,1,0.051533953672922274,290
2,2,0.060526031849737975,290
1,1,0.4217722645889023,291
1,2,0.4598354094393725,291
2,1,0.05691964800450019,291
2,2,0.06147267796722499,291
1,1,0.44333747442620686,292
1,2,0.4512564822720893,292
2,1,0.051585520646956415,292
2,2,0.05382052265474742,292
1,1,0.4250608502814783,293
1,2,0.46415582892117335,293
2,1,0.049073259816637634,293
2,2,0.061710060980710774,293
1,1,0.4152552529660506,294
1,2,0.46615021873955564,294
2,1,0.05443514224359544,294
2,2,0.06415938605079828,294
1,1,0.424337121929202,295
1,2,0.46447269207266634,295
2,1,0.04776057682665714,295
2,2,0.06342960917147455,295
1,1,0.425962592236807,296
1,2,0.4568636607076147,296
2,1,0.05384168774384246,296
2,2,0.06333205931173586,296
1,1,0.42742987704952246,297
1,2,0.4552481055668462,297
2,1,0.056168935447150355,297
2,2,0.06115308193648095,297
1,1,0.4210869979791236,298
1,2,0.46382833275316865,298
2,1,0.05281972838044746,298
2,2,0.06226494088726028,298
1,1,0.4195312777277774,299
1,2,0.4648081180157511,299
2,1,0.05556105545754558,299
2,2,0.06009954879892596,299
1,1,0.4247768924288916,300
1,2,0.46042004543572673,300
2,1,0.05545075801848419,300
2,2,0.059352304116897465,300
1,1,0.4350417450919871,301
1,2,0.45473062530133307,301
2,1,0.049923448911239766,301
2,2,0.06030418069544003,301
1,1,0.42422546639908837,302
1,2,0.46693042068985807,302
2,1,0.04722753358261078,302
2,2,0.061616579328442764,302
1,1,0.42667595460367785,303
1,2,0.4641704386039867,303
2,1,0.05011821221685961,303
2,2,0.059035394575475846,303
1,1,0.4148838676637068,304
1,2,0.4775701383210872,304
2,1,0.05016504977433225,304
2,2,0.057380944240873775,304
1,1,0.44078673691921566,305
1,2,0.44961958195120333,305
2,1,0.05043068383676602,305
2,2,0.05916299729281497,305
1,1,0.41710423937778474,306
1,2,0.46858680289850685,306
2,1,0.05297394786918879,306
2,2,0.06133500985451962,306
1,1,0.4218125631523659,307
1,2,0.4655314837612723,307
2,1,0.052800305346680135,307
2,2,0.059855647739681654,307
1,1,0.4206764804909073,308
1,2,0.4643415309910348,308
2,1,0.05098515890569575,308
2,2,0.06399682961236215,308
1,1,0.4318133298680069,309
1,2,0.45451276663228085,309
2,1,0.05212619167326118,309
2,2,0.0615477118264511,309
1,1,0.4336009901609702,310
1,2,0.45688819950873977,310
2,1,0.05229366911995012,310
2,2,0.05721714121033991,310
1,1,0.4159515876163494,311
1,2,0.46279048319895366,311
2,1,0.053769800444289674,311
2,2,0.0674881287404072,311
1,1,0.4270636763430952,312
1,2,0.45729527598081277,312
2,1,0.05313250113222371,312
2,2,0.06250854654386828,312
1,1,0.435097404116828,313
1,2,0.4530462423535985,313
2,1,0.0541261498922406,313
2,2,0.057730203637332854,313
1,1,0.4288068609731728,314
1,2,0.4549032055495437,314
2,1,0.05791199776278833,314
2,2,0.05837793571449517,314
1,1,0.4119897069510436,315
1,2,0.4634373280220727,315
2,1,0.06007862952525645,315
2,2,0.06449433550162723,315
1,1,0.43028535667609086,316
1,2,0.4509000656321048,316
2,1,0.055693684389540074,316
2,2,0.06312089330226428,316
1,1,0.42006869553821674,317
1,2,0.4737987349218252,317
2,1,0.050786633164891626,317
2,2,0.05534593637506641,317
1,1,0.4290641252976316,318
1,2,0.4586101261707937,318
2,1,0.051577260054203974,318
2,2,0.060748488477370736,318
1,1,0.43009925075091787,319
1,2,0.4562030576461338,319
2,1,0.05242040830838418,319
2,2,0.061277283294564146,319
1,1,0.42557648136223264,320
1,2,0.4685516374697554,320
2,1,0.05351100332361991,320
2,2,0.05236087784439202,320
1,1,0.42571149180970397,321
1,2,0.45915036276710036,321
2,1,0.04780300942045476,321
2,2,0.06733513600274088,321
1,1,0.42659591883623427,322
1,2,0.451155020508908,322
2,1,0.05523181280856324,322
2,2,0.06701724784629451,322
1,1,0.43428779671650275,323
1,2,0.45019018119393733,323
2,1,0.05241300943140323,323
2,2,0.06310901265815669,323
1,1,0.41852436473694987,324
1,2,0.46597290014689363,324
2,1,0.05096829403744314,324
2,2,0.06453444107871337,324
1,1,0.4160734518042652,325
1,2,0.46999004332965977,325
2,1,0.0539055173138647,325
2,2,0.060030987552210355,325
1,1,0.41767920929984176,326
1,2,0.46319270573105453,326
2,1,0.055323860947145954,326
2,2,0.06380422402195772,326
1,1,0.42200646465207764,327
1,2,0.4683827686660414,327
2,1,0.0498190065042044,327
2,2,0.05979176017767661,327
1,1,0.4315586202792766,328
1,2,0.46122684016713184,328
2,1,0.049324727029489875,328
2,2,0.057889812524101726,328
1,1,0.429532013963769,329
1,2,0.4649597418973685,329
2,1,0.04770876144829567,329
2,2,0.05779948269056683,329
1,1,0.4359309967904694,330
1,2,0.4523346396946782,330
2,1,0.050927522332986426,330
2,2,0.06080684118186591,330
1,1,0.4190472975386981,331
1,2,0.4683289958987739,331
2,1,0.05052547183990206,331
2,2,0.06209823472262594,331
1,1,0.42769503627014127,332
1,2,0.46058965791424267,332
2,1,0.04928081021959811,332
2,2,0.062434495596017964,332
1,1,0.42045590358389806,333
1,2,0.46425245398854276,333
2,1,0.05724610703751121,333
2,2,0.05804553539004799,333
1,1,0.4154863220390392,334
1,2,0.471420861574253,334
2,1,0.0530268524606683,334
2,2,0.06006596392603948,334
1,1,0.42589840580767185,335
1,2,0.4591445311414382,335
2,1,0.05526453931815806,335
2,2,0.059692523732731866,335
1,1,0.4187862980415057,336
1,2,0.4664353355202359,336
2,1,0.048382616700618664,336
2,2,0.0663957497376397,336
1,1,0.42733415876609493,337
1,2,0.4572891306095092,337
2,1,0.05500491641610406,337
2,2,0.06037179420829178,337
1,1,0.420189744344111,338
1,2,0.4669857467985103,338
2,1,0.05262325792128873,338
2,2,0.06020125093608996,338
1,1,0.4128226835069162,339
1,2,0.4749157074804645,339
2,1,0.05329901223241876,339
2,2,0.05896259678020052,339
1,1,0.4197958156990554,340
1,2,0.4594435721963445,340
2,1,0.056373067522330775,340
2,2,0.06438754458226932,340
1,1,0.41981011634507265,341
1,2,0.46548906857898636,341
2,1,0.05434652831007259,341
2,2,0.06035428676586839,341
1,1,0.42241774782378444,342
1,2,0.46409148539972006,342
2,1,0.054642341901887756,342
2,2,0.05884842487460772,342
1,1,0.42061178387803916,343
1,2,0.4638044823648808,343
2,1,0.05146479113773787,343
2,2,0.06411894261934212,343
1,1,0.4313888275068319,344
1,2,0.45594487975497966,344
2,1,0.05158819513236077,344
2,2,0.061078097605827684,344
1,1,0.4136213372274084,345
1,2,0.47024519079058874,345
2,1,0.053807402662442855,345
2,2,0.062326069319560036,345
1,1,0.42207863088973696,346
1,2,0.46671408221369104,346
2,1,0.05067568021638208,346
2,2,0.06053160668018992,346
1,1,0.4201187812312751,347
1,2,0.4621030110407787,347
2,1,0.05443842682596537,347
2,2,0.06333978090198077,347
1,1,0.4290328601490238,348
1,2,0.4572439678874364,348
2,1,0.051319934714444564,348
2,2,0.06240323724909521,348
1,1,0.41896898172006436,349
1,2,0.45825131486833237,349
2,1,0.055470702255780116,349
2,2,0.06730900115582315,349
1,1,0.42144390243438506,350
1,2,0.46474571982336266,350
2,1,0.05046852179599779,350
2,2,0.0633418559462545,350
1,1,0.4279167233899765,351
1,2,0.45371073394119604,351
2,1,0.054893626426124796,351
2,2,0.06347891624270267,351
1,1,0.42064611795980444,352
1,2,0.46179317850879154,352
2,1,0.05580260761117051,352
2,2,0.06175809592023352,352
1,1,0.4190208168958733,353
1,2,0.4680844416135646,353
2,1,0.05621032640783743,353
2,2,0.05668441508272473,353
1,1,0.4274613492895602,354
1,2,0.45770482532441675,354
2,1,0.05531044328310187,354
2,2,0.059523382102921144,354
1,1,0.4169164026404285,355
1,2,0.473532339727525,355
2,1,0.05124062119063505,355
2,2,0.058310636441411434,355
1,1,0.4331576800272919,356
1,2,0.4544930651730114,356
2,1,0.055794611851153114,356
2,2,0.05655464294854358,356
1,1,0.4202581975471328,357
1,2,0.46812188324689696,357
2,1,0.057517737110986795,357
2,2,0.05410218209498349,357
1,1,0.4105543638215583,358
1,2,0.46675981002361255,358
2,1,0.06181451958592246,358
2,2,0.06087130656890669,358
1,1,0.43008021985104417,359
1,2,0.46070313765291276,359
2,1,0.05184065284047685,359
2,2,0.05737598965556626,359
1,1,0.43203932884381646,360
1,2,0.4602663714591593,360
2,1,0.05033598380353051,360
2,2,0.05735831589349375,360
1,1,0.4330534480207542,361
1,2,0.45302015686179115,361
2,1,0.05317156805320941,361
2,2,0.06075482706424531,361
1,1,0.4385358609380606,362
1,2,0.4542489584819533,362
2,1,0.04838446658992911,362
2,2,0.05883071399005703,362
1,1,0.44104318814966365,363
1,2,0.44041619351182826,363
2,1,0.05510588943994069,363
2,2,0.06343472889856744,363
1,1,0.42062968634485065,364
1,2,0.4663429095934955,364
2,1,0.05273501876900079,364
2,2,0.06029238529265305,364
1,1,0.41866024459322637,365
1,2,0.4650681428493627,365
2,1,0.0526713413431507,365
2,2,0.06360027121426026,365
1,1,0.41837511919629766,366
1,2,0.46758937367122916,366
2,1,0.05061559513462905,366
2,2,0.06341991199784412,366
1,1,0.42242167907684336,367
1,2,0.4586113577843678,367
2,1,0.05731317400933134,367
2,2,0.061653789129457494,367
1,1,0.411542039384993,368
1,2,0.46959032644575105,368
2,1,0.05785003186742049,368
2,2,0.06101760230183549,368
1,1,0.4331565451093273,369
1,2,0.45560917601367806,369
2,1,0.05052113384519389,369
2,2,0.06071314503180079,369
1,1,0.42863536032234645,370
1,2,0.4633491965608769,370
2,1,0.0487981009073905,370
2,2,0.05921734220938615,370
1,1,0.4238375381295619,371
1,2,0.465239492479651,371
2,1,0.05260917151291792,371
2,2,0.05831379787786919,371
1,1,0.4189054927195283,372
1,2,0.46944659626873103,372
2,1,0.054164669101122026,372
2,2,0.057483241910618627,372
1,1,0.42303521042105513,373
1,2,0.46497599528260225,373
2,1,0.054310853355258586,373
2,2,0.05767794094108405,373
1,1,0.41706699025395133,374
1,2,0.46484543892280683,374
2,1,0.055902160314662205,374
2,2,0.06218541050857963,374
1,1,0.4323677363245366,375
1,2,0.4563116156733403,375
2,1,0.05235440175834045,375
2,2,0.058966246243782654,375
1,1,0.42776572917765415,376
1,2,0.46170285761878826,376
2,1,0.05349718572689238,376
2,2,0.05703422747666521,376
1,1,0.42539086676502813,377
1,2,0.4616450643858802,377
2,1,0.05103765739522412,377
2,2,0.06192641145386755,377
1,1,0.43112439475915004,378
1,2,0.4572278164605302,378
2,1,0.05064916899426851,378
2,2,0.060998619786051284,378
1,1,0.43311544798447527,379
1,2,0.4576285245081343,379
2,1,0.04986407290486908,379
2,2,0.059391954602521356,379
1,1,0.4278015337488911,380
1,2,0.45568092120468506,380
2,1,0.049182451565756805,380
2,2,0.06733509348066698,380
1,1,0.4189801234805878,381
1,2,0.46962126165706425,381
2,1,0.04940265888572221,381
2,2,0.06199595597662574,381
1,1,0.4343106648231458,382
1,2,0.4525052425951079,382
2,1,0.0481910314816671,382
2,2,0.06499306110007921,382
1,1,0.4273958296102257,383
1,2,0.45324379294668443,383
2,1,0.055101691929768055,383
2,2,0.06425868551332183,383
1,1,0.4295505307167523,384
1,2,0.4610418141168349,384
2,1,0.05062652149842926,384
2,2,0.05878113366798355,384
1,1,0.4186590118498309,385
1,2,0.468367895209155,385
2,1,0.050075717390445126,385
2,2,0.06289737555056898,385
1,1,0.4166667112269361,386
1,2,0.4685592541965525,386
2,1,0.054018082676173335,386
2,2,0.06075595190033804,386
1,1,0.43598324510345,387
1,2,0.45387475087346335,387
2,1,0.05284956786459167,387
2,2,0.057292436158495004,387
1,1,0.4126244168064547,388
1,2,0.4711528688894735,388
2,1,0.053045911261660125,388
2,2,0.0631768030424117,388
1,1,0.434606720009114,389
1,2,0.45786297375533597,389
2,1,0.04780141272127656,389
2,2,0.059728893514273476,389
1,1,0.4150432584697944,390
1,2,0.47168366068096046,390
2,1,0.054656779583321075,390
2,2,0.05861630126592412,390
1,1,0.4246862412847373,391
1,2,0.4580261341101685,391
2,1,0.04959749971816076,391
2,2,0.06769012488693339,391
1,1,0.4246287759273696,392
1,2,0.466600989373609,392
2,1,0.04776224338122923,392
2,2,0.061007991317792144,392
1,1,0.4237439973590783,393
1,2,0.45835986772754383,393
2,1,0.05172275179468153,393
2,2,0.06617338311869636,393
1,1,0.4249102017528769,394
1,2,0.4579976872945341,394
2,1,0.05779602324572096,394
2,2,0.059296087706868034,394
1,1,0.42131555398628767,395
1,2,0.46323962621401454,395
2,1,0.057104597488797496,395
2,2,0.05834022231090026,395
1,1,0.4287392837982329,396
1,2,0.4566690505007701,396
2,1,0.05268241469306423,396
2,2,0.06190925100793276,396
1,1,0.4175727790167946,397
1,2,0.46751053337724086,397
2,1,0.05247178512702336,397
2,2,0.062444902478941196,397
1,1,0.42446327351074997,398
1,2,0.46368074980236507,398
2,1,0.0486196732290582,398
2,2,0.06323630345782676,398
1,1,0.43238141568565736,399
1,2,0.46173018898919044,399
2,1,0.04937485190665762,399
2,2,0.056513543418494544,399
1,1,0.4155815825003159,400
1,2,0.46903478939981,400
2,1,0.05632123206343371,400
2,2,0.05906239603644036,400
1,1,0.4381177476823135,401
1,2,0.4592894486873481,401
2,1,0.04333192341285907,401
2,2,0.05926088021747931,401
1,1,0.425991710105025,402
1,2,0.4575405088922705,402
2,1,0.05534360955915693,402
2,2,0.06112417144354754,402
1,1,0.4332557392499135,403
1,2,0.45911569860300855,403
2,1,0.05241432623996498,403
2,2,0.05521423590711295,403
1,1,0.42922768495862285,404
1,2,0.4525637704626047,404
2,1,0.05494428720004632,404
2,2,0.06326425737872608,404
1,1,0.4228414743110204,405
1,2,0.46582778166750105,405
2,1,0.052536131405681294,405
2,2,0.05879461261579723,405
1,1,0.4295176813497092,406
1,2,0.45592140014529386,406
2,1,0.05083767664953676,406
2,2,0.06372324185546017,406
1,1,0.4199349156739869,407
1,2,0.4610929400424042,407
2,1,0.05497341976831167,407
2,2,0.06399872451529727,407
1,1,0.4265470629739666,408
1,2,0.46232140217398116,408
2,1,0.053940282303174894,408
2,2,0.05719125254887735,408
1,1,0.4325614901682843,409
1,2,0.45140064165367705,409
2,1,0.0540504408291277,409
2,2,0.061987427348910884,409
1,1,0.4425780998304918,410
1,2,0.4433676015844569,410
2,1,0.05305172248633525,410
2,2,0.061002576098716,410
1,1,0.42017192068651954,411
1,2,0.46466647025470953,411
2,1,0.05215599792954061,411
2,2,0.06300561112923031,411
1,1,0.4335034954826953,412
1,2,0.4568511782809438,412
2,1,0.04865820074926016,412
2,2,0.06098712548710074,412
1,1,0.4234005224571858,413
1,2,0.46600140413250724,413
2,1,0.05366714335697187,413
2,2,0.05693093005333513,413
1,1,0.4367782834404764,414
1,2,0.44512045174903947,414
2,1,0.052432469562177474,414
2,2,0.0656687952483066,414
1,1,0.42537019265740306,415
1,2,0.4513587127876294,415
2,1,0.05532625644445884,415
2,2,0.06794483811050873,415
1,1,0.42930446073496215,416
1,2,0.45786896647736247,416
2,1,0.051573871038472274,416
2,2,0.061252701749203095,416
1,1,0.4226353375437918,417
1,2,0.4709341857467821,417
2,1,0.04745696161578119,417
2,2,0.05897351509364495,417
1,1,0.42754939424613125,418
1,2,0.45511963890409035,418
2,1,0.055900355079935765,418
2,2,0.06143061176984267,418
1,1,0.4192952177103903,419
1,2,0.462389513624914,419
2,1,0.053009808376492565,419
2,2,0.06530546028820317,419
1,1,0.4275546686564026,420
1,2,0.4552971532935962,420
2,1,0.05341243375763373,420
2,2,0.06373574429236746,420
1,1,0.422953105243362,421
1,2,0.46211808274415167,421
2,1,0.05363991468051776,421
2,2,0.06128889733196863,421
1,1,0.42881404698612535,422
1,2,0.4523861027104763,422
2,1,0.057332111866276333,422
2,2,0.061467738437122055,422
1,1,0.43472145233338866,423
1,2,0.44849797808761416,423
2,1,0.05479927945951685,423
2,2,0.061981290119480364,423
1,1,0.42316714438829206,424
1,2,0.4576015068734299,424
2,1,0.058128848731045894,424
2,2,0.0611025000072322,424
1,1,0.424453422800089,425
1,2,0.4699066742493732,425
2,1,0.05168809113372037,425
2,2,0.05395181181681742,425
1,1,0.42738878407309155,426
1,2,0.4571484128920626,426
2,1,0.051391051127420144,426
2,2,0.06407175190742567,426
1,1,0.41610818982700615,427
1,2,0.46548836900279333,427
2,1,0.05895438160447839,427
2,2,0.059449059565722176,427
1,1,0.4283747976541385,428
1,2,0.4607614866726328,428
2,1,0.05189801948642415,428
2,2,0.05896569618680462,428
1,1,0.4184783456711871,429
1,2,0.4604728807274682,429
2,1,0.053876076085680236,429
2,2,0.06717269751566445,429
1,1,0.4293375924601334,430
1,2,0.4593338499058806,430
2,1,0.051021023838144115,430
2,2,0.06030753379584185,430
1,1,0.42299063941386494,431
1,2,0.4668678363729009,431
2,1,0.05017693838900234,431
2,2,0.059964585824231816,431
1,1,0.4193667195269456,432
1,2,0.4714312544461831,432
2,1,0.052039460184062636,432
2,2,0.05716256584280863,432
1,1,0.4311175040518522,433
1,2,0.4606667693956006,433
2,1,0.05081238182202914,433
2,2,0.057403344730518086,433
1,1,0.42836248015686457,434
1,2,0.4584404053584658,434
2,1,0.051873606029171716,434
2,2,0.06132350845549786,434
1,1,0.4170939184265189,435
1,2,0.4674524773324629,435
2,1,0.053229233735904775,435
2,2,0.06222437050511342,435
1,1,0.4179501984191888,436
1,2,0.4681596822060917,436
2,1,0.0531078842914405,436
2,2,0.06078223508327895,436
1,1,0.4309378055892904,437
1,2,0.4527323868814112,437
2,1,0.05203920861377056,437
2,2,0.06429059891552784,437
1,1,0.4262113611426631,438
1,2,0.46158173569163735,438
2,1,0.05316929790731648,438
2,2,0.059037605258383044,438
1,1,0.4287845888777767,439
1,2,0.45984483106081037,439
2,1,0.05238177334739435,439
2,2,0.058988806714018564,439
1,1,0.4294775767317286,440
1,2,0.4493863511234242,440
2,1,0.0577248962502717,440
2,2,0.06341117589457551,440
1,1,0.428938652967981,441
1,2,0.456799886576709,441
2,1,0.05258445971348449,441
2,2,0.06167700074182547,441
1,1,0.4254081164285585,442
1,2,0.4606831458598033,442
2,1,0.05318676201934943,442
2,2,0.06072197569228871,442
1,1,0.42895114809197976,443
1,2,0.4579445983771058,443
2,1,0.0516644838497501,443
2,2,0.06143976968116431,443
1,1,0.43024333694305994,444
1,2,0.4557322078647991,444
2,1,0.05143952259416276,444
2,2,0.06258493259797819,444
1,1,0.43046011538394496,445
1,2,0.46282875299388426,445
2,1,0.0519807800392401,445
2,2,0.05473035158293064,445
1,1,0.40867087066501645,446
1,2,0.48087732681229806,446
2,1,0.050017436881318246,446
2,2,0.06043436564136724,446
1,1,0.43184035715970526,447
1,2,0.45135362297689896,447
2,1,0.05122768402187837,447
2,2,0.06557833584151745,447
1,1,0.4282941726366736,448
1,2,0.46120406963351823,448
2,1,0.05057958311068489,448
2,2,0.0599221746191233,448
1,1,0.43208990547130244,449
1,2,0.4510315047480142,449
2,1,0.056794087680204317,449
2,2,0.060084502100479054,449
1,1,0.4241563411003736,450
1,2,0.46167705641378454,450
2,1,0.056577814063615575,450
2,2,0.057588788422226304,450
1,1,0.42602226451222147,451
1,2,0.4608264655638869,451
2,1,0.05251199502627797,451
2,2,0.0606392748976137,451
1,1,0.4283260751156142,452
1,2,0.4598318660090112,452
2,1,0.05219617050160827,452
2,2,0.05964588837376631,452
1,1,0.4289277280813125,453
1,2,0.4562560038623244,453
2,1,0.0554903291197294,453
2,2,0.05932593893663367,453
1,1,0.4249050744480044,454
1,2,0.45907534015113444,454
2,1,0.055622112804221344,454
2,2,0.06039747259663981,454
1,1,0.4309674347110434,455
1,2,0.45246412172942535,455
2,1,0.05128245708694884,455
2,2,0.06528598647258241,455
1,1,0.43188821877744055,456
1,2,0.45666098671237493,456
2,1,0.052409081591093344,456
2,2,0.05904171291909118,456
1,1,0.4119441808128459,457
1,2,0.47621251451062124,457
2,1,0.04977106131806465,457
2,2,0.062072243358468206,457
1,1,0.42586825366749687,458
1,2,0.4566143711164751,458
2,1,0.05609528649170204,458
2,2,0.06142208872432598,458
1,1,0.4273456564572603,459
1,2,0.4596443678741918,459
2,1,0.04930217576852193,459
2,2,0.06370779990002598,459
1,1,0.4319631240922996,460
1,2,0.45089529524083644,460
2,1,0.053705060929991937,460
2,2,0.06343651973687205,460
1,1,0.4245564977826766,461
1,2,0.4627171323552745,461
2,1,0.05170183704900764,461
2,2,0.06102453281304126,461
1,1,0.41591985191355774,462
1,2,0.4670082402199381,462
2,1,0.05593784350982998,462
2,2,0.06113406435667422,462
1,1,0.4238188996330939,463
1,2,0.4622310582878046,463
2,1,0.05121469988869747,463
2,2,0.06273534219040407,463
1,1,0.43234470418485377,464
1,2,0.45490370986657175,464
2,1,0.054569187085306836,464
2,2,0.05818239886326763,464
1,1,0.4321435250178445,465
1,2,0.4603485586736787,465
2,1,0.04857048848130553,465
2,2,0.05893742782717126,465
1,1,0.43152992822228264,466
1,2,0.4589257547443614,466
2,1,0.052296181452968216,466
2,2,0.057248135580387716,466
1,1,0.4423778715806215,467
1,2,0.44395483467696373,467
2,1,0.05598708100500149,467
2,2,0.05768021273741329,467
1,1,0.4291147147505194,468
1,2,0.46082132669506376,468
2,1,0.05535117879542841,468
2,2,0.054712779758988445,468
1,1,0.4250614482000092,469
1,2,0.46176539829622343,469
2,1,0.0518189549994466,469
2,2,0.06135419850432075,469
1,1,0.4197872147109698,470
1,2,0.4721774423516568,470
2,1,0.05058763715289676,470
2,2,0.05744770578447666,470
1,1,0.4349990986698101,471
1,2,0.45530342295920595,471
2,1,0.04971591115146451,471
2,2,0.05998156721951938,471
1,1,0.42567748482039575,472
1,2,0.45745010898205263,472
2,1,0.05215602430647038,472
2,2,0.06471638189108128,472
1,1,0.4407368524372299,473
1,2,0.43876363826673687,473
2,1,0.05712249349142822,473
2,2,0.06337701580460504,473
1,1,0.43339190072335115,474
1,2,0.4583216990923459,474
2,1,0.05180291412457762,474
2,2,0.056483486059725314,474
1,1,0.4220989152075161,475
1,2,0.47076490522056064,475
2,1,0.04908887558698591,475
2,2,0.05804730398493735,475
1,1,0.43606436848450764,476
1,2,0.44866792728977634,476
2,1,0.0518083564983645,476
2,2,0.06345934772735155,476
1,1,0.42276930765669785,477
1,2,0.4670083936728674,477
2,1,0.05279548811040194,477
2,2,0.05742681056003283,477
1,1,0.4223456211414074,478
1,2,0.4637587121428961,478
2,1,0.052291328645227377,478
2,2,0.061604338070469125,478
1,1,0.42405908957175625,479
1,2,0.4622030193906333,479
2,1,0.05303001339789274,479
2,2,0.060707877639717724,479
1,1,0.4223104719019806,480
1,2,0.45992868340756565,480
2,1,0.05461019856927418,480
2,2,0.06315064612117954,480
1,1,0.42650510542947384,481
1,2,0.4658466987034102,481
2,1,0.048968261298260526,481
2,2,0.05867993456885543,481
1,1,0.4204335216861726,482
1,2,0.46818628496347175,482
2,1,0.05117251487658932,482
2,2,0.060207678473766346,482
1,1,0.4241618219204983,483
1,2,0.46203315608057,483
2,1,0.05282232279387503,483
2,2,0.06098269920505669,483
1,1,0.4243077747642288,484
1,2,0.4612372585742386,484
2,1,0.05503271016650773,484
2,2,0.05942225649502487,484
1,1,0.4231391000880115,485
1,2,0.46090759162509076,485
2,1,0.05354182064850205,485
2,2,0.06241148763839569,485
1,1,0.4289600938684435,486
1,2,0.4612782052873025,486
2,1,0.05133193424298641,486
2,2,0.05842976660126757,486
1,1,0.4296678496188751,487
1,2,0.45346343185864824,487
2,1,0.054212423006285114,487
2,2,0.06265629551619155,487
1,1,0.4229820875504995,488
1,2,0.4648591555586616,488
2,1,0.04826292852259287,488
2,2,0.06389582836824607,488
1,1,0.4318147047048046,489
1,2,0.4617204022969363,489
2,1,0.04650517953173967,489
2,2,0.05995971346651948,489
1,1,0.4232150465210978,490
1,2,0.4667720079311206,490
2,1,0.053203250940634855,490
2,2,0.056809694607146695,490
1,1,0.42173705515441773,491
1,2,0.4581721705802386,491
2,1,0.05581575655190836,491
2,2,0.06427501771343529,491
1,1,0.4287388290074691,492
1,2,0.45754384112166613,492
2,1,0.05516578501625036,492
2,2,0.05855154485461443,492
1,1,0.42306777016767005,493
1,2,0.46811206574338127,493
2,1,0.048815350848554234,493
2,2,0.06000481324039444,493
1,1,0.4334851245369449,494
1,2,0.4532822031324473,494
2,1,0.05068856046743823,494
2,2,0.0625441118631696,494
1,1,0.4203323553303259,495
1,2,0.4639700487395264,495
2,1,0.05315087621586023,495
2,2,0.06254671971428741,495
1,1,0.4189716230578499,496
1,2,0.4691918062455984,496
2,1,0.05151610444053577,496
2,2,0.06032046625601587,496
1,1,0.42515583476941876,497
1,2,0.4602097699740351,497
2,1,0.05397173068539728,497
2,2,0.06066266457114884,497
1,1,0.42338864018492267,498
1,2,0.46384892216534934,498
2,1,0.052440474220587126,498
2,2,0.06032196342914086,498
1,1,0.4303593117546338,499
1,2,0.4599011945227499,499
2,1,0.052207223070146566,499
2,2,0.0575322706524697,499
1,1,0.4230728312375067,500
1,2,0.4586143387416759,500
2,1,0.05484014004221703,500
2,2,0.06347268997860037,500
